"Table 19. Illicit Drug Dependence in the Past Year, by Age Group and State: Estimated Numbers (in Thousands), Annual Averages Based on 2012 and 2013 NSDUHs  ",,,,,,,,,,,,,,,,
"NOTE: Illicit Drugs include marijuana/hashish, cocaine (including crack), heroin, hallucinogens, inhalants, or prescription-type psychotherapeutics used nonmedically, including data from original methamphetamine questions but not including new methamphetamine items added in 2005 and 2006. ",,,,,,,,,,,,,,,,
NOTE: Dependence is based on the definition found in the 4th edition of the Diagnostic and Statistical Manual of Mental Disorders (DSM-IV).,,,,,,,,,,,,,,,,
"NOTE: State and census region estimates, along with the 95 percent Bayesian confidence (credible) intervals, are based on a survey-weighted hierarchical Bayes estimation approach and generated by Markov Chain Monte Carlo techniques. For the ""Total U.S."" row, design-based (direct) estimates and corresponding 95 percent confidence intervals are given.",,,,,,,,,,,,,,,,
"NOTE: The column labeled ""Order"" can be used to sort the data to the original sort order.",,,,,,,,,,,,,,,,
"Source: SAMHSA, Center for Behavioral Health Statistics and Quality, National Survey on Drug Use and Health, 2012 and 2013.",,,,,,,,,,,,,,,,
Order,State,"12 or Older Estimate","12 or Older 95% CI (Lower)","12 or Older 95% CI (Upper)","12-17 Estimate","12-17 95% CI (Lower)","12-17 95% CI (Upper)","18-25 Estimate","18-25 95% CI (Lower)","18-25 95% CI (Upper)","26 or Older Estimate","26 or Older 95% CI (Lower)","26 or Older 95% CI (Upper)","18 or Older Estimate","18 or Older 95% CI (Lower)","18 or Older 95% CI (Upper)"
1,Total U.S.,"4,986","4,704","5,285",489,449,534,"1,865","1,764","1,971","2,632","2,376","2,915","4,497","4,219","4,793"
2,Northeast,939,850,"1,038",81,70,93,354,323,389,504,428,593,858,771,955
3,Midwest,"1,031",946,"1,123",103,92,116,380,351,412,547,475,631,928,845,"1,017"
4,South,"1,771","1,623","1,933",185,166,207,629,582,680,957,826,"1,108","1,586","1,442","1,745"
5,West,"1,245","1,118","1,385",120,103,139,501,449,559,624,522,746,"1,125","1,003","1,262"
6,Alabama,68,51,91,7,5,9,23,17,31,39,26,59,62,46,83
7,Alaska,10,8,13,1,1,1,5,3,6,5,3,7,9,7,12
8,Arizona,92,70,120,10,7,14,34,25,46,49,33,71,82,62,109
9,Arkansas,47,35,62,5,3,6,15,11,20,27,18,40,42,31,56
10,California,675,575,791,63,50,80,290,246,340,322,245,422,611,515,725
11,Colorado,90,70,115,8,6,12,38,29,49,44,30,65,82,63,106
12,Connecticut,56,43,72,5,4,8,24,18,32,27,17,41,50,38,66
13,Delaware,17,13,23,1,1,2,6,5,8,10,7,14,16,12,21
14,District of Columbia,17,13,22,1,1,1,6,4,8,10,7,14,16,12,21
15,Florida,305,258,361,30,24,37,103,87,121,172,132,224,275,229,330
16,Georgia,159,120,211,16,11,21,52,39,70,91,61,136,143,106,194
17,Hawaii,21,15,28,2,1,2,7,5,10,12,8,18,19,14,26
18,Idaho,21,16,27,3,2,4,8,6,11,10,6,15,18,14,24
19,Illinois,176,149,208,19,15,23,66,55,78,92,70,120,158,132,189
20,Indiana,113,88,143,11,8,15,46,36,60,55,38,80,102,78,131
21,Iowa,38,29,51,4,3,6,14,10,20,20,13,31,34,25,46
22,Kansas,33,24,45,3,2,5,13,9,18,17,11,27,30,21,41
23,Kentucky,73,57,94,6,4,8,26,20,34,41,29,59,67,52,88
24,Louisiana,79,62,101,8,6,10,29,21,38,43,30,61,71,55,92
25,Maine,21,17,28,2,1,2,8,6,11,11,8,17,20,15,26
26,Maryland,101,78,130,9,7,13,38,29,50,54,37,78,92,70,120
27,Massachusetts,121,94,156,10,7,14,47,35,61,64,45,93,111,85,145
28,Michigan,165,141,194,18,14,22,55,47,65,93,72,119,148,124,175
29,Minnesota,77,58,101,7,5,10,27,19,36,43,29,64,69,51,93
30,Mississippi,46,35,60,5,4,7,14,10,20,26,18,39,41,30,54
31,Missouri,97,76,125,9,7,13,39,30,51,49,33,72,88,68,115
32,Montana,16,12,20,2,1,2,6,5,8,8,5,12,14,11,19
33,Nebraska,24,18,31,3,2,4,10,7,13,12,8,18,21,16,28
34,Nevada,45,34,58,5,3,6,16,12,21,24,16,35,40,30,53
35,New Hampshire,24,19,31,2,2,3,10,8,13,12,8,17,22,17,28
36,New Jersey,133,102,173,12,8,17,52,39,69,69,46,103,121,92,160
37,New Mexico,39,29,52,4,3,6,13,10,18,22,14,33,35,26,47
38,New York,334,281,396,27,22,35,124,105,146,182,140,237,306,256,367
39,North Carolina,156,121,202,15,11,21,59,45,78,82,56,120,141,108,185
40,North Dakota,11,9,15,1,1,1,5,4,6,6,4,8,11,8,14
41,Ohio,212,181,247,20,16,25,73,62,85,119,93,152,192,162,226
42,Oklahoma,47,35,63,5,3,7,18,13,25,24,16,37,42,31,57
43,Oregon,73,56,94,7,5,9,25,19,32,41,29,60,66,50,87
44,Pennsylvania,215,183,251,19,16,24,75,64,89,120,94,154,195,165,231
45,Rhode Island,23,17,30,2,1,3,8,6,11,13,8,19,21,16,28
46,South Carolina,82,64,105,8,6,10,29,22,38,45,31,66,74,57,97
47,South Dakota,9,7,13,1,1,1,3,2,5,5,3,8,8,6,11
48,Tennessee,102,79,131,10,7,13,36,27,47,57,39,82,92,71,121
49,Texas,318,265,383,47,37,59,118,97,143,154,113,210,272,221,333
50,Utah,40,30,54,5,3,7,17,13,23,18,12,29,36,27,48
51,Vermont,12,10,16,1,1,1,5,4,7,6,4,9,11,9,15
52,Virginia,123,95,160,12,9,17,47,35,62,65,44,95,111,84,146
53,Washington,116,90,149,11,8,14,39,29,52,66,46,95,105,80,138
54,West Virginia,30,23,39,2,2,3,10,7,13,18,12,27,28,21,37
55,Wisconsin,75,57,99,8,6,11,29,21,39,38,25,58,67,50,90
56,Wyoming,8,6,10,1,1,1,3,2,4,4,3,6,7,5,9
