"Table 26. Had at Least One Major Depressive Episode in the Past Year, by Age Group and State: Estimated Numbers (in Thousands), Annual Averages Based on 2012 and 2013 NSDUHs  ",,,,,,,,,,,,,
"NOTE: Major depressive episode (MDE) is defined as in the 4th edition of the Diagnostic and Statistical Manual of Mental Disorders (DSM-IV), which specifies a period of at least 2 weeks when a person experienced a depressed mood or loss of interest or pleasure in daily activities and had a majority of specified depression symptoms. For details, see Section B of the ""2011-2012 NSDUH: Guide to State Tables and Summary of Small Area Estimation Methodology"" at http://www.samhsa.gov/data/population-data-nsduh/reports?tab=33.",,,,,,,,,,,,,
"NOTE: There are minor wording differences in the questions in the adult and adolescent MDE modules. Therefore, data from youths aged 12 to 17 were not combined with data from adults aged 18 or older to produce an estimate for those aged 12 or older. ",,,,,,,,,,,,,
"NOTE: State and census region estimates, along with the 95 percent Bayesian confidence (credible) intervals, are based on a survey-weighted hierarchical Bayes estimation approach and generated by Markov Chain Monte Carlo techniques. For the ""Total U.S."" row, design-based (direct) estimates and corresponding 95 percent confidence intervals are given.",,,,,,,,,,,,,
"NOTE: The column labeled ""Order"" can be used to sort the data to the original sort order.",,,,,,,,,,,,,
"Source: SAMHSA, Center for Behavioral Health Statistics and Quality, National Survey on Drug Use and Health, 2012 and 2013.",,,,,,,,,,,,,
Order,State,"18 or Older Estimate","18 or Older 95% CI (Lower)","18 or Older 95% CI (Upper)","12-17 Estimate","12-17 95% CI (Lower)","12-17 95% CI (Upper)","18-25 Estimate","18-25 95% CI (Lower)","18-25 95% CI (Upper)","26 or Older Estimate","26 or Older 95% CI (Lower)","26 or Older 95% CI (Upper)"
1,Total U.S.,"15,989","15,375","16,627","2,457","2,361","2,556","3,058","2,933","3,187","12,932","12,330","13,562"
2,Northeast,"2,803","2,606","3,013",386,360,414,530,493,570,"2,272","2,084","2,477"
3,Midwest,"3,470","3,277","3,673",527,499,556,676,639,714,"2,794","2,608","2,992"
4,South,"5,929","5,597","6,279",912,864,961,"1,063","1,004","1,124","4,866","4,546","5,207"
5,West,"3,788","3,523","4,071",633,589,679,789,733,849,"2,999","2,748","3,272"
6,Alabama,229,185,282,37,30,44,45,37,55,183,143,235
7,Alaska,38,31,46,6,5,7,8,7,10,29,23,37
8,Arizona,339,273,418,59,49,71,61,50,75,278,216,355
9,Arkansas,160,131,196,24,20,29,28,23,34,132,105,166
10,California,"1,864","1,653","2,101",327,292,365,405,359,455,"1,459","1,261","1,687"
11,Colorado,246,199,303,39,32,47,48,39,59,198,154,252
12,Connecticut,173,140,212,27,22,33,31,26,38,141,111,179
13,Delaware,49,40,60,6,5,8,10,8,11,40,31,50
14,District of Columbia,36,29,44,2,2,3,7,6,9,29,23,36
15,Florida,910,794,"1,042",134,119,150,149,131,169,762,650,891
16,Georgia,490,397,602,71,58,86,86,70,105,404,318,512
17,Hawaii,69,56,86,9,8,12,13,11,16,56,43,72
18,Idaho,86,72,103,15,12,18,18,15,22,68,55,84
19,Illinois,538,471,613,97,86,109,112,99,127,426,361,500
20,Indiana,351,292,421,53,44,64,69,57,83,282,227,349
21,Iowa,168,139,203,24,20,29,35,29,42,133,106,166
22,Kansas,143,117,174,23,19,28,28,23,34,115,91,144
23,Kentucky,230,188,279,31,26,37,40,33,48,190,151,238
24,Louisiana,213,172,262,34,28,41,39,31,48,174,136,222
25,Maine,84,70,102,11,9,13,13,11,15,72,58,89
26,Maryland,283,228,351,47,39,57,55,45,67,229,177,294
27,Massachusetts,346,285,418,42,35,52,66,54,80,280,224,349
28,Michigan,560,500,625,82,73,92,114,102,127,445,389,509
29,Minnesota,267,216,328,35,28,43,50,41,62,216,169,276
30,Mississippi,159,129,196,22,18,27,26,21,32,134,105,169
31,Missouri,333,273,404,47,39,56,61,51,74,271,215,341
32,Montana,55,45,66,7,6,8,11,9,13,44,35,55
33,Nebraska,90,74,109,13,11,16,18,15,21,72,57,91
34,Nevada,132,108,161,21,18,26,25,21,31,106,84,134
35,New Hampshire,71,59,86,10,9,12,14,11,16,58,46,72
36,New Jersey,413,333,511,64,53,77,76,62,92,337,263,431
37,New Mexico,108,88,133,18,15,22,22,18,26,86,67,110
38,New York,962,843,"1,095",128,112,145,182,160,208,779,667,909
39,North Carolina,526,428,643,74,60,90,88,71,107,438,346,553
40,North Dakota,32,26,39,4,3,5,8,6,10,24,19,31
41,Ohio,655,587,730,91,82,101,116,104,130,539,473,612
42,Oklahoma,216,176,263,28,23,34,38,31,47,178,141,223
43,Oregon,254,209,308,37,30,45,47,39,57,207,164,259
44,Pennsylvania,646,576,724,91,81,102,128,114,143,519,451,595
45,Rhode Island,69,57,84,9,7,10,13,11,16,56,45,71
46,South Carolina,230,188,282,34,28,41,42,34,51,189,148,239
47,South Dakota,35,28,43,6,5,7,7,6,9,27,21,35
48,Tennessee,344,282,418,47,39,57,59,49,71,285,226,357
49,Texas,"1,310","1,165","1,472",240,215,268,250,222,282,"1,060",921,"1,218"
50,Utah,185,155,221,32,26,38,47,39,57,138,110,172
51,Vermont,38,32,45,4,4,5,8,7,9,30,24,37
52,Virginia,435,355,531,68,56,82,85,69,104,350,276,443
53,Washington,381,316,458,59,49,70,76,64,91,305,244,380
54,West Virginia,108,89,130,12,10,15,17,14,20,91,73,113
55,Wisconsin,300,245,366,51,42,62,56,46,69,243,192,307
56,Wyoming,31,25,37,5,4,5,6,5,7,25,20,31
