"Table 12. Alcohol Use and Binge Alcohol Use in the Past Month among Individuals Aged 12 to 20, by State: Estimated Numbers (in Thousands), Annual Averages Based on 2012 and 2013 NSDUHs  ",,,,,,,
"NOTE: Binge Alcohol Use is defined as drinking five or more drinks on the same occasion (i.e., at the same time or within a couple of hours of each other) on at least 1 day in the past 30 days.",,,,,,,
"NOTE: State and census region estimates, along with the 95 percent Bayesian confidence (credible) intervals, are based on a survey-weighted hierarchical Bayes estimation approach and generated by Markov Chain Monte Carlo techniques. For the ""Total U.S."" row, design-based (direct) estimates and corresponding 95 percent confidence intervals are given.",,,,,,,
"NOTE: The column labeled ""Order"" can be used to sort the data to the original sort order.",,,,,,,
"Source: SAMHSA, Center for Behavioral Health Statistics and Quality, National Survey on Drug Use and Health, 2012 and 2013.",,,,,,,
Order,State,"Alcohol Use in Past Month Estimate","Alcohol Use in Past Month 95% CI (Lower)","Alcohol Use in Past Month 95% CI (Upper)","Binge Alcohol Use in Past Month Estimate","Binge Alcohol Use in Past Month 95% CI (Lower)","Binge Alcohol Use in Past Month 95% CI (Upper)"
1,Total U.S.,"8,973","8,732","9,218","5,626","5,424","5,834"
2,Northeast,"1,738","1,678","1,799","1,083","1,034","1,134"
3,Midwest,"2,020","1,962","2,081","1,302","1,256","1,350"
4,South,"3,015","2,917","3,115","1,875","1,801","1,953"
5,West,"2,200","2,108","2,293","1,365","1,296","1,437"
6,Alabama,113,100,127,71,61,82
7,Alaska,19,17,22,12,10,14
8,Arizona,190,170,212,119,103,137
9,Arkansas,70,62,79,48,42,55
10,California,"1,193","1,119","1,269",722,665,783
11,Colorado,156,141,172,95,83,108
12,Connecticut,123,111,135,77,68,87
13,Delaware,25,22,27,15,13,17
14,District of Columbia,19,17,21,11,9,13
15,Florida,493,464,523,279,256,302
16,Georgia,270,238,304,168,145,194
17,Hawaii,29,26,33,18,15,21
18,Idaho,40,36,45,26,22,29
19,Illinois,376,354,398,241,224,260
20,Indiana,193,175,213,123,109,139
21,Iowa,89,80,98,60,52,68
22,Kansas,85,76,95,57,50,64
23,Kentucky,103,92,116,74,65,83
24,Louisiana,124,110,138,81,71,93
25,Maine,35,31,39,23,20,26
26,Maryland,150,134,167,87,76,99
27,Massachusetts,214,194,234,133,117,151
28,Michigan,321,303,339,198,184,213
29,Minnesota,150,134,166,97,85,111
30,Mississippi,84,75,93,49,42,57
31,Missouri,162,146,180,108,95,123
32,Montana,35,32,38,22,20,25
33,Nebraska,56,51,62,38,33,43
34,Nevada,81,72,91,48,42,55
35,New Hampshire,63,59,68,41,37,45
36,New Jersey,242,216,270,153,134,174
37,New Mexico,53,47,59,35,31,40
38,New York,608,573,645,360,332,389
39,North Carolina,205,180,232,128,109,149
40,North Dakota,27,25,30,20,18,22
41,Ohio,345,326,365,220,204,237
42,Oklahoma,110,97,123,75,65,85
43,Oregon,116,104,129,78,68,88
44,Pennsylvania,388,368,409,254,237,272
45,Rhode Island,43,40,47,28,25,32
46,South Carolina,118,106,132,74,64,85
47,South Dakota,25,22,28,18,16,21
48,Tennessee,126,111,143,86,74,100
49,Texas,745,699,793,458,422,496
50,Utah,59,50,70,46,38,54
51,Vermont,21,19,23,14,12,16
52,Virginia,213,189,238,135,117,155
53,Washington,208,187,231,132,116,150
54,West Virginia,49,44,55,38,34,43
55,Wisconsin,191,174,210,122,108,137
56,Wyoming,18,16,20,13,11,14
